postal_code,prefecture,city,street,building
777-0492,宮城県,印西市,台東3丁目19番,氏家新田ハイツ999
415-9749,福島県,横浜市磯子区,台場18丁目17番,
798-8546,鹿児島県,西多摩郡日の出町,渡辺35丁目17番,アーバン日比谷公園892
135-4965,岐阜県,昭島市,元浅草27丁目7番,
298-6907,兵庫県,西多摩郡日の出町,羽折町18丁目4番,外国府間パーク803
031-1345,東京都,杉並区,吾妻橋3丁目16番,
309-4937,愛媛県,香取郡神崎町,中川崎25丁目10番,アーバン四区町554
136-6704,愛知県,浦安市,西関宿19丁目7番,
805-5871,岩手県,八千代市,今戸42丁目4番,京橋コーポ923
800-9451,秋田県,中野区,丹勢4丁目20番,
216-4610,新潟県,台東区,上広谷8丁目27番,コート四番町638
821-0158,長崎県,長生郡一宮町,麹町13丁目17番,
233-6743,愛知県,印旛郡酒々井町,中川崎39丁目6番,東三島コーポ318
340-6619,新潟県,夷隅郡大多喜町,上吉羽13丁目23番,
140-9216,京都府,港区,千塚41丁目8番,コート長畑560
479-4463,滋賀県,八丈島八丈町,西小来川3丁目2番,
544-7155,愛知県,横浜市都筑区,小入41丁目20番,卯の里コート932
329-8978,京都府,足立区,松が谷30丁目18番,
101-4901,沖縄県,横浜市泉区,南郷屋3丁目23番,パレス脚折町055
785-5252,東京都,四街道市,太田ヶ谷15丁目11番,
579-5835,岡山県,大田区,豊町36丁目16番,平須賀コート174
889-6951,大分県,台東区,太田ヶ谷20丁目22番,
988-9960,石川県,豊島区,無栗屋16丁目7番,シティ方京090
269-6266,香川県,長生郡一宮町,千塚25丁目1番,
730-1340,千葉県,夷隅郡大多喜町,東浅草6丁目2番,虎ノ門虎ノ門ヒルズ森タワーシャルム993
445-2126,大阪府,江東区,睦19丁目3番,
543-1563,石川県,夷隅郡御宿町,松浦町2丁目5番,コート長畑267
438-2396,青森県,三鷹市,高輪17丁目3番,
535-2840,愛媛県,板橋区,独鈷沢16丁目22番,松浦町コーポ063
563-4222,鳥取県,西多摩郡瑞穂町,台東33丁目8番,
277-7931,京都府,清瀬市,前弥六南町29丁目7番,シティ無栗屋199
471-3795,新潟県,横浜市鶴見区,脚折20丁目12番,
179-9363,岩手県,長生郡長生村,細竹29丁目27番,無栗屋アーバン841
981-4831,北海道,西東京市,虎ノ門虎ノ門ヒルズ森タワー42丁目2番,
428-4531,鳥取県,江東区,東大和町18丁目21番,シャルム西川312
797-3825,島根県,印旛郡酒々井町,皇居外苑26丁目3番,
085-3957,栃木県,川崎市川崎区,二つ室6丁目19番,東大和町パーク537
897-7608,島根県,夷隅郡大多喜町,天神島9丁目10番,
858-3081,鹿児島県,千代田区,東浅草19丁目14番,クレスト一ツ橋387
035-7250,奈良県,横浜市港南区,大京町40丁目21番,
131-0871,大分県,川崎市幸区,湯宮21丁目15番,高田馬場シャルム931
427-3435,神奈川県,稲城市,脚折37丁目8番,
984-1667,福井県,東村山市,上野公園25丁目20番,クレスト千塚033
136-9357,千葉県,福生市,上広谷34丁目9番,
294-4799,山口県,西多摩郡奥多摩町,一ツ橋11丁目12番,隼町シャルム995
050-2703,福井県,調布市,箭坪22丁目19番,
957-0769,茨城県,横浜市鶴見区,東和町40丁目25番,クレスト東上野092
953-3988,沖縄県,香取郡多古町,麹町8丁目21番,
353-9984,群馬県,千代田区,脚折町26丁目20番,氏家クレスト252
949-1980,東京都,中野区,千束8丁目20番,
255-8982,石川県,町田市,四区町6丁目17番,アーバン大中993
091-5417,鳥取県,清瀬市,平河町36丁目9番,
635-5859,長崎県,印旛郡栄町,四区町27丁目24番,轟シャルム690
917-4620,徳島県,横浜市緑区,津久戸町32丁目6番,
393-2336,大阪府,昭島市,勝どき30丁目17番,コーポ太田ヶ谷413
550-5040,岡山県,香取郡神崎町,上吉羽13丁目15番,
235-4974,神奈川県,稲城市,手岡29丁目27番,松が谷クレスト299
873-1760,愛媛県,千代田区,天神島22丁目25番,
171-8531,青森県,横浜市南区,鳥越26丁目5番,ハイツ小入731
095-7962,沖縄県,横浜市保土ケ谷区,蟇沼37丁目4番,
987-2017,埼玉県,山武市,勝どき20丁目7番,卯の里コーポ433
313-3008,青森県,大網白里市,鶴ヶ丘36丁目21番,
604-4923,山口県,府中市,戸島15丁目17番,パーク無栗屋587
967-6039,栃木県,小平市,手岡14丁目16番,
976-8757,岩手県,山武郡芝山町,筑土八幡町17丁目6番,北上野コーポ821
179-3087,島根県,山武郡横芝光町,猿楽町37丁目7番,
147-0455,福岡県,稲城市,白金台41丁目23番,ハイツ上広谷865
130-2091,徳島県,横浜市港南区,上吉羽10丁目17番,
044-4467,鹿児島県,横浜市旭区,山中新田13丁目10番,西神田パレス557
821-7017,大分県,世田谷区,虎ノ門29丁目17番,
631-1380,鹿児島県,四街道市,大京町39丁目1番,アーバン麹町318
361-4665,富山県,安房郡鋸南町,港南16丁目5番,
707-7496,滋賀県,三宅島三宅村,戸塚町25丁目22番,丹勢シティ966
766-2817,福岡県,香取郡多古町,西浅草36丁目15番,
463-6121,香川県,大網白里市,太田ヶ谷8丁目14番,パレス上野桜木877
836-7769,青森県,世田谷区,三筋18丁目13番,
652-6122,愛媛県,横浜市青葉区,日本堤34丁目7番,戸山パレス077
840-1654,高知県,横浜市泉区,台東16丁目17番,
868-5953,佐賀県,台東区,吾妻橋36丁目27番,アーバン勝どき651
257-0267,茨城県,小金井市,高輪30丁目26番,
616-5438,茨城県,横浜市都筑区,日本堤7丁目1番,箪笥町パーク429
353-3296,福岡県,印旛郡栄町,上野公園19丁目11番,
877-1706,鳥取県,東村山市,二つ室1丁目16番,アーバン九段南758
948-8080,山口県,安房郡鋸南町,中宮祠25丁目1番,
319-5333,宮城県,青梅市,中鉢石町18丁目5番,東三島シティ063
947-0737,神奈川県,西多摩郡檜原村,押上33丁目6番,
669-2063,佐賀県,日野市,六番町25丁目5番,シャルム二つ室045
086-7030,茨城県,大田区,鍛冶ケ沢25丁目25番,
659-6308,愛知県,八丈島八丈町,柿木沢9丁目5番,百村コート256
014-2817,福井県,府中市,蔵前12丁目8番,
598-8696,大分県,横浜市金沢区,中川崎22丁目12番,コート湯宮422
736-3905,茨城県,山武郡九十九里町,東大和町15丁目24番,
231-6838,愛媛県,川崎市多摩区,上広谷18丁目2番,二つ室シャルム876
585-4690,岩手県,墨田区,百村11丁目26番,
637-6458,茨城県,横浜市港北区,明石町9丁目12番,ハイツ下吉羽827
578-6375,神奈川県,山武郡九十九里町,竜泉39丁目9番,
892-1905,山形県,御蔵島村,平須賀27丁目6番,元浅草コーポ822
458-5163,福島県,横浜市瀬谷区,鍛冶ケ沢15丁目8番,
965-5566,熊本県,横浜市金沢区,上高野41丁目5番,シャルム京橋307
642-9379,栃木県,横浜市南区,中三依26丁目14番,
995-7220,奈良県,立川市,中三依11丁目15番,柿木沢コーポ681
888-9101,山口県,横浜市鶴見区,麹町7丁目16番,
357-0056,鹿児島県,武蔵村山市,白金台35丁目3番,ハイツ横林585
534-2131,大阪府,江戸川区,東大和町18丁目5番,
023-8071,富山県,匝瑳市,下吉羽20丁目26番,平須賀アーバン421
532-0378,埼玉県,長生郡長柄町,豊町18丁目25番,
514-5488,香川県,中央区,西小来川26丁目1番,パレス渡辺678
810-2539,福島県,清瀬市,六番町34丁目22番,
567-5777,山口県,江東区,浅草橋21丁目27番,卯の里ハイツ678
735-9821,山形県,福生市,上野桜木9丁目22番,
189-9355,島根県,浦安市,油井24丁目10番,クレスト芝公園329
314-1724,東京都,南房総市,港南30丁目21番,
022-6622,徳島県,あきる野市,湯宮30丁目5番,平須賀シャルム155
964-9420,沖縄県,川崎市川崎区,松が谷12丁目23番,
945-8910,熊本県,大田区,長間28丁目9番,クレスト山中新田330
959-5240,東京都,府中市,五味ヶ谷41丁目24番,
738-6321,滋賀県,荒川区,日本堤38丁目24番,芝浦ハイツ430
030-7535,青森県,清瀬市,日本堤14丁目15番,
797-1540,岡山県,小金井市,蟇沼39丁目5番,ハイツ土沢284
642-5224,香川県,東久留米市,西小来川37丁目5番,
393-3929,宮城県,横浜市瀬谷区,台場9丁目25番,港南クレスト642
491-2643,愛媛県,東大和市,下吉羽15丁目16番,
468-6956,埼玉県,夷隅郡御宿町,北上野41丁目9番,アーバン外国府間937
484-2030,香川県,大島町,西浅草33丁目22番,
524-4690,静岡県,南房総市,横林20丁目26番,南郷屋シティ479
382-2149,三重県,横浜市戸塚区,方京37丁目18番,
104-8392,徳島県,大網白里市,芝大門25丁目16番,パレス平河町387
489-1519,山梨県,長生郡一宮町,手岡3丁目27番,
930-5071,鳥取県,台東区,池之端24丁目3番,白金コート180
288-4094,滋賀県,小平市,藤金19丁目12番,
629-8136,鳥取県,長生郡長南町,戸山1丁目10番,クレスト蔵前582
188-6133,沖縄県,川崎市幸区,前弥六28丁目14番,
085-2728,千葉県,香取郡神崎町,脚折18丁目21番,箪笥町クレスト004
956-8636,沖縄県,横浜市鶴見区,東神田21丁目21番,
962-3802,北海道,千代田区,虎ノ門虎ノ門ヒルズ森タワー22丁目19番,アーバン西浅草191
755-1012,京都府,印旛郡印旛村,高田馬場23丁目4番,
762-9021,神奈川県,君津市,西川12丁目19番,上広谷シティ351
448-8584,島根県,川崎市幸区,土沢7丁目13番,
540-6374,京都府,西多摩郡瑞穂町,浅草橋3丁目22番,シャルム台東693
576-1526,岐阜県,青梅市,脚折4丁目9番,
871-6850,熊本県,横浜市青葉区,上広谷28丁目5番,所野アーバン769
373-8845,福岡県,日野市,橋場33丁目16番,
501-4876,石川県,印旛郡印旛村,丸の内6丁目1番,シャルム下吉羽208
706-9325,岐阜県,大田区,麹町4丁目19番,
404-5337,島根県,清瀬市,卯の里36丁目23番,花島ハイツ188
765-0739,山梨県,四街道市,雷門15丁目21番,
399-6215,静岡県,山武郡横芝光町,日本堤23丁目4番,アーバン独鈷沢886
654-3377,島根県,品川区,虎ノ門虎ノ門ヒルズ森タワー21丁目6番,
221-1865,宮崎県,小金井市,芝公園15丁目20番,富久町アーバン791
018-5757,青森県,大島町,丸の内7丁目16番,
214-6602,長野県,八丈島八丈町,外国府間25丁目26番,ハイツ山中新田649
222-3520,静岡県,大島町,松が谷13丁目25番,
368-1516,大分県,青梅市,高田馬場7丁目6番,浅草ハイツ080
400-1483,埼玉県,東大和市,木立41丁目20番,
697-1060,秋田県,四街道市,上野公園12丁目25番,クレスト港南812
654-4165,徳島県,西多摩郡檜原村,今戸35丁目13番,
320-4119,群馬県,足立区,池之端41丁目9番,高田馬場パレス760
279-5151,島根県,東久留米市,皇居外苑8丁目9番,
048-3187,三重県,練馬区,上野公園14丁目5番,シティ東和町643
439-5932,福井県,八王子市,外神田17丁目16番,
695-2733,富山県,印旛郡本埜村,日光2丁目27番,細竹シティ685
146-4073,愛知県,横浜市戸塚区,東大和町24丁目19番,
116-4603,奈良県,横浜市港北区,北上野14丁目23番,コーポ上野公園593
473-2599,香川県,長生郡長生村,氏家新田7丁目10番,
475-1341,大分県,神津島村,台東33丁目13番,西浅草ハイツ270
569-2400,福島県,横浜市青葉区,氏家8丁目21番,
987-7004,熊本県,印旛郡酒々井町,細竹22丁目17番,コート芝大門566
209-7686,徳島県,袖ケ浦市,丸の内ＪＰタワー30丁目6番,
719-7943,三重県,香取郡神崎町,中宮祠15丁目12番,戸塚町シティ364
819-4256,三重県,横浜市鶴見区,一ツ橋23丁目10番,
096-6942,茨城県,長生郡白子町,細竹14丁目2番,シャルム鶴ヶ丘900
787-8727,三重県,国立市,西神田21丁目24番,
927-6917,山口県,横浜市中区,京橋20丁目24番,東和町アーバン208
871-2120,栃木県,八王子市,東上野40丁目17番,
416-9543,広島県,西多摩郡奥多摩町,油井6丁目21番,パレス方京108
047-9689,栃木県,横浜市緑区,浅草橋33丁目18番,
394-6643,熊本県,東大和市,外国府間14丁目23番,東大和町シティ832
324-5060,奈良県,板橋区,大中22丁目7番,
347-0485,青森県,立川市,平河町41丁目7番,シャルム太田ヶ谷932
866-1544,三重県,杉並区,台東16丁目13番,
971-2339,広島県,長生郡睦沢町,東三島28丁目17番,秋葉原パレス157
615-3187,岩手県,国分寺市,松が谷12丁目12番,
792-2507,長崎県,印旛郡印旛村,今戸3丁目15番,コーポ四区町141
628-7751,高知県,中野区,北上野34丁目21番,
160-7167,三重県,印旛郡栄町,今戸35丁目5番,千束アーバン509
885-9094,熊本県,横浜市栄区,皇居外苑10丁目3番,
562-8413,山口県,新島村,丸の内30丁目27番,シャルム三ノ輪175
667-8891,大阪府,横浜市鶴見区,芝大門20丁目1番,
237-7700,大阪府,羽村市,雷門14丁目23番,箪笥町パーク021
799-0819,愛媛県,香取郡東庄町,西浅草36丁目1番,
870-0721,富山県,台東区,鍛冶ケ沢3丁目26番,コート入谷201
266-9967,山梨県,大網白里市,日比谷公園29丁目2番,
962-6357,長崎県,長生郡白子町,長間12丁目20番,上吉羽コート075
558-3628,長崎県,山武市,細竹27丁目22番,
185-6580,和歌山県,いすみ市,前弥六南町5丁目16番,パーク今戸687
988-4820,茨城県,川崎市宮前区,池之端15丁目25番,
037-0213,岡山県,台東区,小入33丁目13番,丸の内ＪＰタワーパーク482
817-5705,岩手県,武蔵村山市,油井6丁目25番,
059-0072,石川県,四街道市,手岡28丁目21番,パーク藤金085
826-3308,大阪府,杉並区,山中新田13丁目16番,
192-8307,佐賀県,横浜市保土ケ谷区,三ノ輪30丁目17番,轟ハイツ645
593-4230,徳島県,練馬区,羽折町17丁目22番,
575-9216,茨城県,横浜市都筑区,松が谷24丁目23番,クレスト三筋819
437-9730,鳥取県,杉並区,隼町18丁目25番,
464-8678,埼玉県,港区,独鈷沢24丁目16番,西神田クレスト965
656-5425,高知県,匝瑳市,京橋10丁目24番,
767-6962,愛媛県,大島町,松石14丁目10番,ハイツ浅草460
803-6956,新潟県,立川市,柿木沢新田4丁目10番,
554-7622,東京都,江東区,長畑15丁目10番,芝公園パレス700
120-0506,福岡県,府中市,平須賀8丁目20番,
540-3419,埼玉県,八丈島八丈町,蟇沼35丁目13番,コート北青山904
386-6119,奈良県,中野区,上野公園5丁目8番,
586-8644,千葉県,あきる野市,北青山6丁目12番,美原町アーバン666
768-8038,大阪府,大島町,鍛冶ケ沢34丁目13番,
664-8771,千葉県,山武郡芝山町,長間42丁目5番,シティ戸山659
087-5061,岩手県,三宅島三宅村,南赤田20丁目14番,
693-8485,東京都,小金井市,高田馬場4丁目17番,上吉羽シャルム590
310-3468,長野県,東村山市,柿木沢30丁目16番,
146-0870,神奈川県,八丈島八丈町,幸手14丁目16番,クレスト中宮祠707
586-8460,静岡県,横浜市青葉区,百村21丁目16番,
380-7296,佐賀県,東村山市,羽折町30丁目5番,羽折町クレスト249
314-8281,滋賀県,小平市,丸の内25丁目17番,
381-5273,愛知県,安房郡鋸南町,太田ヶ谷17丁目26番,クレスト戸塚町910
466-4141,青森県,香取郡神崎町,鳥越13丁目6番,
721-9867,長野県,西多摩郡瑞穂町,平河町25丁目2番,轟シャルム162
110-1149,広島県,中野区,東神田39丁目16番,
884-9425,福島県,香取郡神崎町,押上33丁目23番,シャルム六番町855
933-5331,岡山県,武蔵村山市,中宮祠1丁目11番,
814-7195,鹿児島県,御蔵島村,松が谷9丁目16番,下吉羽シャルム908
500-0140,岡山県,小金井市,大京町30丁目1番,
881-3057,佐賀県,日野市,三ノ輪12丁目3番,シティ浅草橋612
276-1450,三重県,狛江市,平須賀34丁目6番,
111-1891,岩手県,昭島市,花川戸21丁目17番,脚折クレスト984
546-2195,宮崎県,横浜市栄区,九段南12丁目9番,
615-3907,福島県,昭島市,一ツ橋38丁目6番,シャルム明石町283
403-2250,愛媛県,豊島区,芝公園24丁目25番,
926-7457,愛媛県,鴨川市,大京町3丁目20番,吾妻橋アーバン545
868-6697,広島県,川崎市多摩区,蟇沼9丁目24番,
753-4640,奈良県,国分寺市,丸の内28丁目9番,パーク上吉羽068
337-0131,大分県,香取郡多古町,蔵前14丁目2番,
918-5431,京都府,印旛郡本埜村,東神田12丁目3番,虎ノ門虎ノ門ヒルズ森タワーパレス658
905-4781,茨城県,青ヶ島村,平河町21丁目14番,
607-4741,兵庫県,大田区,横林39丁目27番,アーバン平須賀588
523-8884,三重県,世田谷区,木立2丁目4番,
733-0090,山梨県,いすみ市,台場38丁目14番,上野桜木パーク983
587-8130,福岡県,横浜市戸塚区,中小来川26丁目24番,
532-5211,宮城県,横浜市港南区,長間4丁目12番,クレスト千塚109
926-3564,広島県,富里市,下宇和田35丁目10番,
683-5339,青森県,横浜市港北区,白金7丁目18番,独鈷沢パーク240
561-3209,新潟県,安房郡鋸南町,南郷屋4丁目26番,
231-8362,神奈川県,神津島村,鳥越5丁目22番,シティ卯の里694
906-9739,島根県,あきる野市,千塚32丁目24番,
181-9497,宮城県,足立区,日本堤7丁目25番,猿楽町クレスト894
519-7872,熊本県,我孫子市,東和町8丁目16番,
846-6066,埼玉県,多摩市,芝浦24丁目1番,シティ柿木沢019
530-0470,大分県,多摩市,箪笥町4丁目3番,
581-9723,栃木県,浦安市,柿木沢新田5丁目22番,中小来川パレス640
788-6724,福井県,世田谷区,日本堤6丁目18番,
882-9279,長崎県,夷隅郡御宿町,西川7丁目3番,コーポ脚折823
526-5767,福岡県,鎌ケ谷市,月島39丁目27番,
597-9276,長野県,安房郡鋸南町,浅草4丁目7番,白金コーポ853
575-8360,三重県,横浜市保土ケ谷区,戸塚町22丁目16番,
976-7251,福井県,八千代市,蟇沼36丁目7番,コーポ南郷屋479
700-8114,栃木県,大田区,上野公園6丁目6番,
056-0822,三重県,新宿区,池之端7丁目24番,脚折アーバン671
471-3925,福岡県,日野市,西川14丁目20番,
073-0838,山梨県,横浜市瀬谷区,上広谷29丁目19番,シティ一ツ橋759
806-7836,富山県,横浜市保土ケ谷区,中宮祠25丁目27番,
877-4358,富山県,大網白里市,外国府間27丁目2番,長畑クレスト467
518-1797,熊本県,横浜市戸塚区,三筋15丁目23番,
129-0741,鹿児島県,大島町,手岡41丁目21番,アーバン松石372
906-6901,香川県,香取郡東庄町,脚折23丁目7番,
945-3675,大分県,四街道市,睦8丁目26番,木立パーク907
173-6236,高知県,印旛郡印旛村,上吉羽34丁目27番,
776-6945,愛知県,東村山市,竜泉14丁目9番,ハイツ西川891
722-4911,和歌山県,長生郡白子町,日本堤17丁目8番,
175-3717,愛媛県,鎌ケ谷市,西小来川12丁目1番,五味ヶ谷シャルム686
349-9632,北海道,あきる野市,南赤田29丁目6番,
617-9993,山口県,東久留米市,浅草橋19丁目13番,コート西川995
883-1626,愛知県,富里市,中川崎20丁目25番,
232-1747,熊本県,横浜市青葉区,台東9丁目7番,平河町シャルム669
867-1238,新潟県,西多摩郡奥多摩町,白金2丁目18番,
664-1852,静岡県,多摩市,権現堂20丁目17番,コート丸の内174
036-6539,石川県,武蔵野市,箭坪39丁目13番,
105-7101,鹿児島県,香取郡東庄町,小入31丁目19番,芝大門パレス262
331-4277,宮崎県,横浜市神奈川区,日比谷公園28丁目10番,
096-0561,栃木県,武蔵村山市,今戸1丁目27番,パレス三ノ輪819
092-4846,沖縄県,港区,皇居外苑14丁目9番,
395-0457,秋田県,あきる野市,池之端7丁目4番,西関宿アーバン524
463-0647,青森県,稲城市,横林23丁目2番,
346-2051,福島県,中野区,明石町20丁目1番,パーク南郷屋166
264-0176,茨城県,西東京市,土沢37丁目3番,
455-7463,鹿児島県,横浜市都筑区,北青山10丁目21番,六番町クレスト965
359-0894,山梨県,足立区,細野3丁目15番,
290-9146,滋賀県,昭島市,南郷屋36丁目2番,ハイツ津久戸町585
653-9873,富山県,足立区,羽折町25丁目26番,
335-2165,長崎県,多摩市,東大和町16丁目19番,雷門シャルム654
777-2639,青森県,長生郡白子町,脚折21丁目24番,
509-4714,広島県,匝瑳市,白金42丁目17番,シティ東和町045
204-1579,和歌山県,小金井市,雷門3丁目25番,
383-9344,埼玉県,西多摩郡檜原村,外国府間40丁目12番,所野パーク249
930-5818,福井県,三鷹市,丸の内ＪＰタワー41丁目24番,
249-5107,島根県,川崎市中原区,渡辺15丁目8番,コーポ渡辺934
552-6745,愛媛県,袖ケ浦市,南郷屋24丁目22番,
199-9855,山口県,府中市,西川42丁目18番,太田ヶ谷クレスト260
949-0213,鳥取県,稲城市,美原町34丁目9番,
550-3504,福島県,横浜市栄区,花島14丁目17番,シティ九段南692
397-4953,岡山県,豊島区,橋場18丁目11番,
978-7392,宮城県,江東区,渡辺42丁目2番,浅草橋コーポ730
118-7050,新潟県,横浜市瀬谷区,湯宮3丁目16番,
457-7198,長崎県,西多摩郡奥多摩町,上野公園25丁目6番,コート日本堤410
851-2437,群馬県,大田区,五味ヶ谷19丁目24番,
334-5049,青森県,昭島市,下吉羽38丁目21番,松浦町パレス827
643-1718,福島県,昭島市,氏家新田12丁目16番,
256-8183,青森県,印旛郡印旛村,津久戸町27丁目10番,アーバン九段南993
644-4527,島根県,香取郡東庄町,二つ室33丁目16番,
143-0670,愛知県,川崎市川崎区,鶴ヶ丘2丁目13番,鍛冶ケ沢アーバン218
955-6522,青森県,世田谷区,太田ヶ谷7丁目21番,
335-5000,岐阜県,足立区,美原町22丁目15番,シティ外神田515
094-6832,高知県,狛江市,中鉢石町24丁目20番,
434-3465,埼玉県,八丈島八丈町,松が谷22丁目16番,虎ノ門クレスト938
331-2297,千葉県,山武市,芝公園13丁目9番,
216-8974,島根県,杉並区,南郷屋33丁目3番,コート日光396
232-4263,香川県,山武郡横芝光町,土呂部22丁目22番,
361-1406,埼玉県,印旛郡栄町,二つ室33丁目27番,竜泉シティ138
419-7447,群馬県,横浜市緑区,南郷屋38丁目18番,
375-0743,佐賀県,南房総市,大中4丁目26番,シティ丹勢714
931-4183,栃木県,八丈島八丈町,南郷屋14丁目11番,
643-2685,大分県,稲城市,中鉢石町5丁目5番,雷門コーポ099
861-2295,鳥取県,三宅島三宅村,浅草橋42丁目24番,
566-4585,長崎県,印旛郡酒々井町,下宇和田29丁目20番,ハイツ麹町360
416-1382,沖縄県,川崎市高津区,神明内17丁目8番,
309-4963,岐阜県,青梅市,湯宮17丁目6番,氏家パーク487
720-6286,新潟県,八丈島八丈町,細竹22丁目20番,
856-2959,富山県,横浜市磯子区,箭坪36丁目19番,シャルム渡辺912
549-1306,高知県,川崎市川崎区,神明内23丁目6番,
029-4178,愛媛県,台東区,花島22丁目11番,四番町パレス170
589-7816,千葉県,日野市,氏家3丁目14番,
784-4092,群馬県,横浜市青葉区,西小来川32丁目7番,パーク千塚640
576-4969,東京都,東村山市,渡辺6丁目1番,
530-7062,岐阜県,世田谷区,細野22丁目12番,花島シティ944
081-5063,千葉県,長生郡睦沢町,氏家5丁目2番,
683-9638,岐阜県,夷隅郡大多喜町,東三島1丁目13番,ハイツ細野294
265-8995,宮城県,横浜市戸塚区,九段南16丁目2番,
084-3048,静岡県,立川市,上広谷38丁目26番,蟇沼ハイツ849
413-7298,福島県,豊島区,上広谷18丁目22番,
451-3540,福井県,長生郡長生村,今戸12丁目4番,パーク日本堤412
107-6894,岡山県,港区,浅草橋18丁目7番,
983-2989,和歌山県,渋谷区,富久町12丁目13番,橋場シャルム496
677-4387,佐賀県,練馬区,外神田15丁目5番,
822-0605,愛知県,横浜市旭区,上野桜木9丁目20番,シャルム無栗屋958
963-0209,福島県,横浜市戸塚区,柿木沢新田40丁目5番,
685-4356,岩手県,浦安市,太田ヶ谷12丁目10番,月島パレス257
060-6616,鹿児島県,香取郡東庄町,鳥越41丁目9番,
975-3009,岐阜県,西多摩郡奥多摩町,細野4丁目23番,シャルム月島237
178-6473,岐阜県,長生郡一宮町,秋葉原22丁目27番,
989-3750,栃木県,横浜市西区,木立6丁目18番,池之端パレス177
577-2869,福岡県,川崎市中原区,花川戸33丁目27番,
139-0207,栃木県,山武市,中川崎20丁目21番,クレスト柿木沢583
435-8401,三重県,川崎市幸区,羽折町36丁目12番,
507-9239,千葉県,我孫子市,北青山15丁目15番,白金台パーク205
559-2636,滋賀県,横浜市緑区,松が谷32丁目4番,
481-2616,福島県,夷隅郡御宿町,東神田5丁目27番,ハイツ秋葉原984
989-9984,茨城県,八千代市,東浅草40丁目5番,
411-6811,福岡県,南房総市,睦22丁目22番,花島ハイツ593
731-2170,兵庫県,利島村,前弥六南町4丁目6番,
191-1001,大阪府,横浜市戸塚区,上野公園11丁目24番,シティ羽折町436
042-7721,茨城県,白井市,卯の里28丁目24番,
992-7518,京都府,横浜市金沢区,勝どき39丁目13番,鍛冶ケ沢シティ922
879-4319,愛媛県,安房郡鋸南町,二つ室38丁目10番,
610-1296,三重県,荒川区,押上28丁目10番,パレス四番町553
087-3532,茨城県,八王子市,明石町13丁目5番,
449-5115,宮城県,渋谷区,湯本塩原31丁目8番,上野公園パーク988
299-1244,東京都,印旛郡栄町,浅草26丁目21番,
505-1942,大分県,品川区,白金30丁目5番,コーポ日本堤290
661-2125,長崎県,川崎市中原区,戸島24丁目21番,
894-2098,滋賀県,日野市,蔵前42丁目20番,細竹シティ852
105-5734,秋田県,印旛郡酒々井町,東浅草27丁目9番,
498-6839,新潟県,横浜市泉区,鳥越20丁目25番,コーポ白金台160
974-0639,滋賀県,夷隅郡大多喜町,上広谷36丁目5番,
586-5881,千葉県,文京区,九段南22丁目19番,湯宮シティ587
280-0637,大分県,東村山市,虎ノ門5丁目7番,
424-5339,福島県,山武郡芝山町,上広谷9丁目26番,シティ卯の里829
874-8257,神奈川県,西多摩郡日の出町,箭坪39丁目9番,
159-6971,大分県,稲城市,東和町3丁目7番,鍛冶ケ沢シティ249
820-6306,福井県,三鷹市,木立42丁目12番,
565-3207,静岡県,山武郡横芝光町,港南15丁目13番,アーバン一ツ橋748
614-5428,愛媛県,川崎市多摩区,外国府間22丁目15番,
495-9770,愛知県,墨田区,中鉢石町17丁目11番,芝公園シャルム648
118-0474,静岡県,長生郡長南町,富久町20丁目20番,
505-6373,神奈川県,横浜市都筑区,松が谷16丁目16番,アーバン白金台684
260-0492,山梨県,中野区,美原町28丁目8番,
475-5539,和歌山県,香取郡東庄町,一ツ橋7丁目17番,虎ノ門シティ859
485-6506,福井県,千代田区,手岡36丁目26番,
756-4974,青森県,横浜市鶴見区,南赤田14丁目19番,クレスト東大和町580
410-3190,鳥取県,香取郡神崎町,三筋24丁目26番,
394-7616,兵庫県,品川区,月島34丁目3番,氏家新田クレスト270
387-3309,香川県,川崎市宮前区,月島8丁目26番,
145-7650,長野県,西多摩郡日の出町,五味ヶ谷29丁目15番,パレス藤金049
028-6830,大阪府,横浜市港南区,麹町12丁目2番,
644-1040,佐賀県,台東区,入谷35丁目5番,大中パレス905
777-9847,愛知県,安房郡鋸南町,西川37丁目25番,
083-4511,岐阜県,横浜市旭区,花川戸16丁目23番,アーバン前弥六南町504
841-1849,大阪府,練馬区,長畑38丁目27番,
873-7659,山口県,利島村,下吉羽9丁目16番,東浅草アーバン836
120-9356,京都府,世田谷区,北上野41丁目22番,
733-3964,佐賀県,川崎市宮前区,松が谷26丁目4番,アーバン松が谷142
618-2306,広島県,武蔵野市,花島20丁目17番,
839-4972,兵庫県,葛飾区,大京町39丁目1番,三筋アーバン323
684-9509,滋賀県,新島村,浅草橋10丁目10番,
877-6143,香川県,中野区,平河町39丁目5番,コーポ中鉢石町601
181-7829,鹿児島県,横浜市戸塚区,押上37丁目7番,
215-3667,山形県,武蔵村山市,富久町17丁目21番,轟アーバン100
207-4176,青森県,夷隅郡御宿町,東和町41丁目27番,
307-5621,埼玉県,君津市,津久戸町10丁目23番,コート南郷屋293
345-3272,群馬県,横浜市港北区,隼町26丁目17番,
716-6524,東京都,小平市,小入1丁目13番,日本堤シティ323
603-4549,石川県,神津島村,隼町26丁目2番,
896-3420,佐賀県,横浜市栄区,美原町32丁目19番,シャルム箭坪033
042-6899,鳥取県,印旛郡本埜村,東神田20丁目8番,
468-9503,長野県,山武郡横芝光町,手岡17丁目19番,権現堂アーバン516
964-7358,島根県,横浜市神奈川区,東神田7丁目18番,
785-3065,岐阜県,大田区,蟇沼11丁目26番,コート外神田755
827-7156,埼玉県,新宿区,箭坪15丁目18番,
862-0427,千葉県,板橋区,中鉢石町31丁目16番,箪笥町コーポ981
666-8679,愛媛県,横浜市戸塚区,丸の内ＪＰタワー32丁目6番,
733-8651,福岡県,東久留米市,鍛冶ケ沢40丁目26番,アーバン中川崎445
063-0126,新潟県,川崎市多摩区,中宮祠29丁目8番,
047-7091,栃木県,富里市,百村30丁目20番,天神島パレス770
349-9481,鳥取県,香取郡東庄町,南赤田9丁目5番,
355-8977,鹿児島県,八街市,柿木沢新田6丁目25番,コーポ浅草499
817-3902,福井県,鎌ケ谷市,権現堂13丁目19番,
701-7909,京都府,板橋区,東和町26丁目8番,台場ハイツ518
242-7943,愛知県,八丈島八丈町,東和町22丁目7番,
092-3424,島根県,印旛郡栄町,土沢20丁目27番,クレスト鶴ヶ丘210
189-3024,京都府,横浜市鶴見区,東上野37丁目13番,
911-3989,山形県,西東京市,神明内40丁目7番,西浅草クレスト445
076-0898,山口県,板橋区,大京町24丁目15番,
878-1557,群馬県,いすみ市,平河町26丁目5番,コーポ吾妻橋679
321-8301,岡山県,川崎市川崎区,卯の里3丁目5番,
275-7562,沖縄県,八丈島八丈町,羽折町15丁目13番,西関宿コーポ207
772-7681,山口県,横浜市緑区,蟇沼9丁目16番,
879-4168,奈良県,目黒区,卯の里32丁目7番,シティ松浦町131
502-6783,宮城県,横浜市戸塚区,高輪28丁目9番,
743-9741,鹿児島県,大網白里市,隼町33丁目27番,四区町ハイツ457
650-4820,和歌山県,夷隅郡大多喜町,四番町24丁目17番,
313-3962,徳島県,横浜市保土ケ谷区,方京33丁目16番,パーク土沢634
492-5307,茨城県,千代田区,丸の内5丁目23番,
659-1435,愛知県,足立区,小入30丁目2番,鍛冶ケ沢パーク639
623-4375,和歌山県,君津市,松が谷42丁目9番,
890-9632,宮城県,西多摩郡日の出町,月島18丁目12番,シャルム氏家524
038-0209,佐賀県,世田谷区,轟2丁目20番,
237-8849,佐賀県,日野市,西川9丁目22番,上高野クレスト677
588-8891,茨城県,長生郡一宮町,日比谷公園15丁目1番,
405-5162,北海道,横浜市泉区,北上野9丁目23番,シャルム氏家036
974-0748,群馬県,千代田区,六番町41丁目17番,
743-5449,岡山県,横浜市都筑区,丹勢7丁目14番,押上パーク420
802-8718,愛媛県,港区,外国府間41丁目19番,
947-4195,佐賀県,横浜市戸塚区,丸の内19丁目4番,アーバン南郷屋093
929-1851,兵庫県,昭島市,四番町3丁目3番,
829-6818,福岡県,清瀬市,鳥越38丁目22番,西小来川コーポ012
649-0552,兵庫県,安房郡鋸南町,上吉羽10丁目11番,
839-2616,富山県,御蔵島村,入谷21丁目13番,パーク南郷屋653
082-0477,岐阜県,豊島区,二つ室18丁目14番,
387-5822,鳥取県,川崎市中原区,東和町7丁目15番,東神田アーバン481
065-2108,茨城県,横浜市都筑区,戸島17丁目16番,
870-5262,広島県,横浜市港南区,中宮祠16丁目5番,クレスト元浅草489
471-2757,高知県,長生郡長生村,三筋27丁目20番,
989-4907,大阪府,小平市,月島39丁目2番,無栗屋パレス717
662-5060,岩手県,鴨川市,大京町37丁目16番,
508-6665,佐賀県,長生郡長生村,池之端23丁目19番,アーバン柿木沢404
859-1899,山口県,板橋区,横林9丁目5番,
661-4642,岩手県,川崎市多摩区,小入25丁目2番,日比谷公園シティ587
005-9854,秋田県,川崎市川崎区,花島29丁目16番,
564-2614,愛媛県,西多摩郡檜原村,中川崎26丁目22番,クレスト東上野191
154-6419,島根県,神津島村,蟇沼39丁目20番,
943-2114,滋賀県,小平市,大中40丁目1番,箭坪ハイツ285
276-8487,福島県,横浜市都筑区,麹町18丁目4番,
469-6487,愛媛県,横浜市都筑区,蟇沼4丁目26番,コーポ所野878
554-0082,福岡県,西多摩郡檜原村,白金台17丁目7番,
236-0256,福井県,横浜市南区,秋葉原36丁目4番,中川崎アーバン918
873-2464,岩手県,狛江市,竜泉2丁目19番,
732-2500,徳島県,葛飾区,九段南39丁目12番,ハイツ芝浦227
552-2611,宮崎県,長生郡長生村,五味ヶ谷25丁目8番,
603-8589,滋賀県,香取市,高輪15丁目18番,富久町ハイツ839
209-1597,福井県,横浜市南区,湯本塩原4丁目8番,
583-9013,群馬県,鎌ケ谷市,鳥越39丁目21番,パレス方京747
959-2816,島根県,小金井市,月島1丁目13番,
966-5856,埼玉県,横浜市保土ケ谷区,太田ヶ谷13丁目12番,明石町パーク576
255-7823,岡山県,調布市,太田ヶ谷28丁目22番,
350-8465,滋賀県,東村山市,東三島7丁目11番,ハイツ芝浦093
369-9877,鳥取県,狛江市,筑土八幡町37丁目19番,
678-3336,群馬県,日野市,白金7丁目2番,花島クレスト294
493-4086,三重県,大島町,押上12丁目4番,
127-4197,宮城県,横浜市金沢区,隼町14丁目20番,シャルム油井916
212-2158,千葉県,君津市,独鈷沢7丁目6番,
160-2565,鹿児島県,我孫子市,中三依37丁目23番,外国府間ハイツ327
159-0357,広島県,町田市,虎ノ門28丁目14番,
129-2630,兵庫県,福生市,西小来川30丁目9番,ハイツ丹勢817
934-9788,福岡県,印旛郡本埜村,浅草橋33丁目23番,
187-3089,福井県,富津市,入谷2丁目5番,隼町アーバン994
784-4301,島根県,香取郡東庄町,松石35丁目6番,
617-9691,石川県,横浜市金沢区,柿木沢5丁目6番,シャルム神明内813
613-4262,広島県,台東区,中宮祠33丁目2番,
607-0386,宮崎県,世田谷区,長間39丁目10番,四区町クレスト301
531-5914,岡山県,横浜市磯子区,猿楽町7丁目4番,
557-7757,埼玉県,香取市,細野22丁目21番,パーク長畑821
665-8382,島根県,我孫子市,太田ヶ谷22丁目7番,
297-2914,福島県,川崎市幸区,松浦町18丁目16番,秋葉原アーバン868
190-2522,大分県,台東区,百村33丁目4番,
148-3271,山形県,横浜市磯子区,北上野11丁目14番,クレスト鳥越064
999-2697,広島県,富津市,中三依7丁目23番,
598-9896,三重県,府中市,戸島15丁目13番,湯宮パーク065
801-9155,神奈川県,横浜市泉区,猿楽町26丁目22番,
193-2790,山形県,青ヶ島村,柿木沢新田27丁目22番,コーポ明石町870
112-8040,沖縄県,鴨川市,皇居外苑12丁目7番,
012-0139,高知県,川崎市幸区,南郷屋20丁目19番,橋場コーポ876
712-8605,岡山県,長生郡睦沢町,戸島16丁目11番,
606-9867,静岡県,鴨川市,上高野26丁目19番,パーク虎ノ門虎ノ門ヒルズ森タワー213
845-8295,長崎県,立川市,長畑14丁目3番,
729-6497,徳島県,横浜市中区,浅草橋10丁目5番,隼町ハイツ833
405-5753,鹿児島県,武蔵村山市,麹町6丁目14番,
091-1181,宮城県,浦安市,豊町14丁目26番,クレスト中小来川839
151-0672,高知県,川崎市川崎区,箭坪13丁目7番,
705-4711,群馬県,川崎市中原区,前弥六35丁目25番,平須賀クレスト562
276-8169,千葉県,いすみ市,高田馬場16丁目1番,
343-5332,福岡県,千代田区,北上野8丁目23番,コート橋場098
364-6449,鳥取県,多摩市,山中新田1丁目17番,
193-4641,香川県,江東区,戸山41丁目21番,氏家アーバン239
074-6206,愛知県,横浜市青葉区,橋場1丁目23番,
968-1320,石川県,浦安市,白金台14丁目26番,コーポ月島739
947-7119,兵庫県,印旛郡印旛村,湯本塩原29丁目4番,
822-9539,東京都,白井市,勝どき19丁目21番,丸の内ＪＰタワーパーク874
603-4124,熊本県,印旛郡印旛村,押上33丁目24番,
086-5989,静岡県,横浜市瀬谷区,港南6丁目20番,クレスト土沢466
076-0702,福井県,大網白里市,九段南22丁目18番,
348-7309,長野県,四街道市,日本堤28丁目22番,浅草パレス726
604-2011,秋田県,長生郡一宮町,大中37丁目9番,
037-4225,徳島県,板橋区,戸山17丁目7番,アーバン中宮祠336
658-0859,埼玉県,横浜市港南区,麹町16丁目6番,
832-0602,群馬県,新宿区,港南36丁目16番,五味ヶ谷クレスト543
381-0305,鹿児島県,板橋区,津久戸町11丁目24番,
886-8358,秋田県,川崎市高津区,所野25丁目25番,ハイツ小入259
549-1310,長崎県,杉並区,東神田8丁目24番,
162-6004,広島県,山武郡横芝光町,西浅草7丁目16番,吾妻橋コーポ851
312-7237,愛知県,川崎市幸区,大中27丁目14番,
301-6167,愛媛県,横浜市磯子区,脚折町22丁目8番,コーポ松浦町140
337-5996,茨城県,横浜市金沢区,元浅草13丁目18番,
374-3072,千葉県,長生郡白子町,四番町14丁目19番,東浅草コート426
615-2404,福島県,印旛郡酒々井町,西関宿22丁目21番,
547-5650,茨城県,国分寺市,独鈷沢18丁目24番,コート鶴ヶ丘552
648-8891,長崎県,西東京市,西川23丁目8番,
692-0046,鹿児島県,武蔵村山市,中小来川7丁目7番,大京町シャルム471
396-6523,岐阜県,調布市,前弥六4丁目15番,
238-0915,高知県,安房郡鋸南町,外神田9丁目24番,パレス山中新田729
307-1864,広島県,葛飾区,浅草10丁目8番,
183-4758,山梨県,横浜市瀬谷区,下吉羽4丁目8番,外神田パーク011
411-3456,愛媛県,中央区,台場18丁目18番,
702-2570,東京都,我孫子市,外国府間30丁目3番,パーク北上野932
900-7565,茨城県,小笠原村,白金20丁目6番,
428-9865,京都府,西多摩郡奥多摩町,鍛冶ケ沢26丁目11番,細竹ハイツ433
116-5698,島根県,横浜市青葉区,芝公園13丁目15番,
276-4413,福島県,浦安市,京橋42丁目1番,シャルム戸島989
383-1552,福岡県,白井市,台場23丁目10番,
854-1510,茨城県,西東京市,中小来川14丁目10番,丸の内クレスト400
848-8569,長野県,八王子市,南赤田27丁目2番,
148-5671,千葉県,江戸川区,勝どき17丁目14番,パーク日光220
701-9389,鹿児島県,渋谷区,東和町38丁目10番,
454-8306,福岡県,印旛郡本埜村,丸の内30丁目3番,松浦町アーバン020
816-4894,鹿児島県,夷隅郡大多喜町,四区町36丁目1番,
603-4644,奈良県,葛飾区,京橋9丁目2番,アーバン箭坪099
095-7054,鹿児島県,台東区,蔵前25丁目27番,
631-4485,岡山県,横浜市鶴見区,丹勢31丁目14番,轟コート495
224-1787,栃木県,川崎市多摩区,西浅草11丁目13番,
234-1623,神奈川県,武蔵村山市,手岡25丁目22番,シティ高輪111
958-5597,岐阜県,横浜市港南区,芝公園3丁目20番,
581-7165,滋賀県,川崎市多摩区,西神田25丁目12番,方京アーバン289
478-5936,佐賀県,西多摩郡奥多摩町,横林10丁目23番,
001-2960,大阪府,渋谷区,六番町18丁目23番,コート三ノ輪398
701-0875,沖縄県,横浜市瀬谷区,北上野25丁目2番,
499-2033,岡山県,品川区,明石町10丁目12番,東和町シャルム994
908-4067,栃木県,中野区,西神田11丁目25番,
138-8320,青森県,青梅市,麹町8丁目12番,アーバン長畑878
797-3763,神奈川県,小金井市,西小来川14丁目9番,
492-2537,滋賀県,品川区,土沢5丁目2番,油井アーバン037
774-5815,青森県,香取郡神崎町,脚折町40丁目22番,
200-9381,福岡県,利島村,細竹24丁目14番,ハイツ戸島222
638-2975,和歌山県,横浜市西区,太田ヶ谷5丁目2番,
822-3129,長崎県,大網白里市,上広谷26丁目12番,脚折町ハイツ302
367-9523,広島県,港区,木立40丁目19番,
437-7922,東京都,調布市,二つ室7丁目1番,コーポ鍛冶ケ沢811
879-4668,岐阜県,横浜市戸塚区,百村10丁目18番,
758-4412,広島県,長生郡長柄町,横林28丁目25番,千塚パレス317
631-6881,埼玉県,横浜市神奈川区,筑土八幡町21丁目5番,
253-2886,茨城県,杉並区,無栗屋35丁目16番,パーク西小来川400
692-0472,山形県,小平市,轟6丁目19番,
545-5292,愛知県,横浜市泉区,渡辺21丁目27番,山中新田コート464
118-5527,山梨県,羽村市,隼町22丁目27番,
883-9080,青森県,東大和市,北上野37丁目17番,パーク中三依722
880-5584,青森県,横浜市都筑区,西川23丁目18番,
510-5123,山梨県,香取郡東庄町,東神田5丁目11番,木立シャルム897
974-4435,岡山県,川崎市多摩区,北上野17丁目3番,
467-1032,富山県,横浜市神奈川区,轟25丁目15番,アーバン二つ室624
167-9776,高知県,横浜市鶴見区,東上野2丁目20番,
879-7362,和歌山県,八街市,山中新田31丁目23番,脚折パーク369
700-5985,和歌山県,横浜市港北区,南赤田10丁目12番,
241-2521,岩手県,横浜市旭区,高田馬場21丁目21番,ハイツ台東916
597-3523,新潟県,横浜市青葉区,平河町8丁目9番,
574-9535,富山県,小金井市,芝大門7丁目23番,北青山ハイツ828
672-0964,富山県,八千代市,東浅草41丁目20番,
882-4375,鳥取県,西多摩郡日の出町,鶴ヶ丘33丁目6番,ハイツ南郷屋133
726-6140,福井県,川崎市川崎区,藤金10丁目2番,
801-8286,富山県,夷隅郡大多喜町,虎ノ門28丁目10番,明石町クレスト168
015-9227,高知県,長生郡長柄町,氏家新田13丁目26番,
237-9587,山形県,横浜市西区,芝公園36丁目10番,パレス花島744
857-9742,兵庫県,印西市,東三島14丁目26番,
435-6744,大分県,豊島区,丸の内ＪＰタワー41丁目26番,秋葉原パレス004
233-7621,山口県,八街市,中鉢石町42丁目26番,
809-9313,和歌山県,東大和市,芝公園18丁目18番,ハイツ箭坪054
652-2160,大阪府,横浜市港北区,四番町27丁目7番,
420-7173,高知県,江戸川区,脚折24丁目8番,睦パーク833
906-5866,滋賀県,君津市,千塚38丁目18番,
717-4224,長崎県,横浜市鶴見区,土呂部40丁目17番,アーバン鍛冶ケ沢087
743-9115,茨城県,小平市,柿木沢18丁目18番,
572-7623,宮城県,いすみ市,花川戸14丁目11番,雷門アーバン825
200-0595,広島県,横浜市戸塚区,港南29丁目23番,
451-3874,東京都,豊島区,前弥六南町32丁目11番,コーポ神明内428
483-3493,佐賀県,世田谷区,今戸15丁目1番,
499-5253,山形県,町田市,卯の里6丁目2番,千塚シャルム581
121-1960,宮崎県,青ヶ島村,押上27丁目17番,
507-5299,北海道,荒川区,中川崎36丁目2番,クレスト上野桜木732
205-9672,岐阜県,品川区,台東13丁目4番,
502-0529,青森県,西東京市,日本堤23丁目19番,大中クレスト929
266-9538,三重県,新宿区,戸島30丁目27番,
057-2806,京都府,印旛郡栄町,高輪26丁目9番,ハイツ長畑008
831-4054,静岡県,中野区,雷門32丁目14番,
060-6789,青森県,狛江市,六番町4丁目6番,上野桜木パレス530
500-7152,沖縄県,富里市,細野4丁目20番,
369-3200,京都府,川崎市高津区,日本堤29丁目9番,パレス日光353
108-6776,香川県,横浜市緑区,湯本塩原38丁目13番,
499-5772,山形県,東久留米市,松浦町10丁目24番,無栗屋パレス798
379-0393,長野県,目黒区,京橋27丁目2番,
690-4207,山口県,板橋区,平河町11丁目15番,シティ轟183
872-2505,宮崎県,羽村市,中三依30丁目11番,
709-0187,鳥取県,川崎市川崎区,白金台6丁目26番,小入パーク235
805-1858,福岡県,横浜市瀬谷区,神明内12丁目8番,
560-9702,島根県,江戸川区,下宇和田3丁目10番,コート中川崎665
995-9740,和歌山県,横浜市中区,手岡3丁目21番,
622-2162,鹿児島県,印旛郡本埜村,蔵前28丁目1番,東和町コーポ914
572-5149,岡山県,袖ケ浦市,月島22丁目12番,
717-7525,和歌山県,東久留米市,元浅草40丁目12番,コート鳥越085
833-3794,鳥取県,御蔵島村,三ノ輪2丁目8番,
269-5480,茨城県,印旛郡印旛村,明石町14丁目22番,三筋コーポ998
175-7921,佐賀県,横浜市磯子区,芝大門15丁目14番,
793-7363,栃木県,印旛郡印旛村,美原町24丁目5番,パレス四区町995
442-3436,福岡県,狛江市,丸の内4丁目12番,
298-6573,鹿児島県,中野区,豊町39丁目10番,小入コーポ173
301-4690,徳島県,小平市,秋葉原33丁目25番,
031-9891,高知県,青ヶ島村,独鈷沢40丁目2番,コート芝浦697
246-3086,東京都,立川市,松石3丁目12番,
495-1726,鳥取県,八街市,花島12丁目26番,千束パーク483
675-5172,三重県,御蔵島村,轟21丁目24番,
668-6042,山形県,横浜市泉区,幸手42丁目15番,コーポ池之端709
432-6470,山口県,長生郡白子町,竜泉5丁目9番,
776-2180,三重県,西多摩郡瑞穂町,虎ノ門40丁目18番,中三依パーク797
806-3360,秋田県,小平市,隼町39丁目1番,
461-0123,沖縄県,川崎市中原区,権現堂41丁目12番,シティ外神田098
623-8072,佐賀県,西多摩郡日の出町,月島41丁目9番,
050-9893,佐賀県,長生郡一宮町,神明内36丁目12番,蟇沼コート171
848-9921,高知県,横浜市南区,鶴ヶ丘9丁目24番,
001-0162,宮崎県,いすみ市,浅草5丁目20番,コート中宮祠364
341-9287,北海道,横浜市緑区,隼町31丁目5番,
959-1075,石川県,横浜市保土ケ谷区,外神田42丁目6番,上高野シャルム307
515-9916,岐阜県,墨田区,無栗屋12丁目15番,
279-7054,岩手県,印旛郡印旛村,千塚29丁目18番,コート浅草509
563-6277,新潟県,八街市,東三島16丁目14番,
416-7004,山口県,横浜市南区,下吉羽2丁目5番,西川コート244
192-1354,岡山県,足立区,東大和町20丁目14番,
070-1571,沖縄県,八王子市,鶴ヶ丘31丁目10番,クレスト隼町437
567-3853,静岡県,我孫子市,高田馬場1丁目13番,
321-4921,福岡県,横浜市瀬谷区,西浅草27丁目5番,羽折町コーポ804
176-7993,秋田県,羽村市,鳥越14丁目17番,
337-8022,京都府,青梅市,中鉢石町21丁目6番,ハイツ北上野960
522-6744,茨城県,江東区,明石町17丁目13番,
547-2003,岩手県,中野区,手岡8丁目21番,土沢アーバン810
455-8804,広島県,利島村,西川33丁目22番,
253-9806,沖縄県,香取郡東庄町,東和町41丁目7番,コート橋場083
404-5536,福岡県,文京区,一ツ橋14丁目8番,
895-7632,岩手県,安房郡鋸南町,前弥六42丁目11番,明石町コーポ067
857-2497,新潟県,山武郡横芝光町,中小来川14丁目26番,
321-7495,栃木県,横浜市瀬谷区,千塚37丁目9番,パレス細竹181
291-4324,群馬県,横浜市神奈川区,一ツ橋20丁目18番,
895-2849,千葉県,神津島村,鍛冶ケ沢37丁目27番,東三島コーポ353
164-2749,石川県,長生郡長南町,花島42丁目12番,
464-5034,鹿児島県,福生市,羽折町2丁目13番,コーポ大中882
291-0524,愛知県,葛飾区,大中35丁目15番,
794-0655,茨城県,小金井市,津久戸町37丁目26番,西川パーク405
120-9267,埼玉県,横浜市中区,中宮祠20丁目5番,
806-0531,茨城県,八街市,東大和町24丁目5番,コーポ芝公園488
317-3915,長野県,西多摩郡瑞穂町,北上野28丁目6番,
063-4982,北海道,横浜市金沢区,鳥越12丁目10番,虎ノ門パーク043
014-8866,富山県,横浜市泉区,秋葉原39丁目2番,
047-7585,佐賀県,長生郡長生村,丸の内ＪＰタワー30丁目11番,コーポ押上271
226-9447,新潟県,台東区,吾妻橋10丁目17番,
765-9742,北海道,大網白里市,四区町26丁目24番,富久町パレス441
269-6901,京都府,西多摩郡檜原村,虎ノ門虎ノ門ヒルズ森タワー24丁目13番,
246-9153,山口県,印旛郡本埜村,芝大門26丁目19番,コーポ柿木沢新田667
316-2571,神奈川県,香取郡東庄町,独鈷沢10丁目9番,
862-1824,熊本県,夷隅郡大多喜町,東浅草10丁目15番,木立アーバン459
616-6625,奈良県,神津島村,山中新田42丁目4番,
170-4033,宮城県,三鷹市,南郷屋12丁目22番,シャルム西小来川765
173-0687,佐賀県,匝瑳市,無栗屋24丁目17番,
450-5767,広島県,川崎市高津区,日比谷公園26丁目21番,神明内ハイツ531
174-4838,北海道,印旛郡本埜村,湯宮12丁目16番,
525-6176,鳥取県,香取郡多古町,東大和町18丁目23番,シティ四区町749
761-3219,北海道,武蔵野市,氏家9丁目2番,
201-2004,広島県,葛飾区,秋葉原16丁目6番,細野シティ139
851-4798,山形県,山武郡横芝光町,上野桜木35丁目12番,
417-3848,秋田県,長生郡長柄町,麹町34丁目21番,シティ上野公園995
637-7307,富山県,台東区,土呂部4丁目24番,
295-5378,山形県,浦安市,小入23丁目6番,筑土八幡町コーポ614
524-1877,岐阜県,いすみ市,津久戸町41丁目9番,
382-2846,長崎県,香取郡東庄町,土沢42丁目1番,パーク勝どき153
084-6507,広島県,御蔵島村,南赤田16丁目11番,
585-5750,和歌山県,世田谷区,中宮祠19丁目11番,渡辺ハイツ912
254-7332,三重県,富里市,押上38丁目24番,
864-6507,山梨県,横浜市金沢区,白金28丁目16番,コート池之端923
753-0049,長野県,横浜市旭区,外神田37丁目27番,
774-1178,北海道,川崎市川崎区,蟇沼33丁目10番,京橋コート900
171-6273,北海道,町田市,下宇和田29丁目5番,
260-6284,新潟県,大網白里市,松石8丁目17番,パーク浅草橋180
145-4504,北海道,西多摩郡奥多摩町,百村23丁目1番,
258-8797,東京都,国立市,浅草24丁目27番,木立シティ765
286-4884,三重県,横浜市瀬谷区,虎ノ門33丁目12番,
074-5455,山口県,御蔵島村,月島10丁目10番,シティ長間642
240-9874,京都府,渋谷区,脚折町35丁目13番,
431-5582,石川県,あきる野市,土呂部16丁目13番,西小来川クレスト443
530-6634,奈良県,中央区,大京町19丁目12番,
636-8610,福井県,荒川区,上吉羽17丁目16番,ハイツ九段南222
935-5389,福岡県,文京区,六番町28丁目13番,
256-8153,青森県,香取郡東庄町,独鈷沢33丁目23番,渡辺パレス444
196-9249,大分県,足立区,中小来川19丁目20番,
236-8980,奈良県,小平市,台場7丁目9番,シティ上吉羽265
595-3396,東京都,西多摩郡日の出町,京橋22丁目14番,
742-3541,高知県,昭島市,丸の内18丁目17番,鍛冶ケ沢パーク167
352-0589,秋田県,豊島区,虎ノ門36丁目7番,
139-8827,鳥取県,横浜市保土ケ谷区,南赤田29丁目27番,クレスト芝浦631
896-6615,北海道,白井市,池之端15丁目27番,
881-3439,島根県,富里市,油井35丁目2番,小入クレスト998
434-5782,島根県,横浜市都筑区,鶴ヶ丘18丁目23番,
180-1695,埼玉県,新島村,千塚22丁目15番,シティ隼町495
690-1004,千葉県,横浜市栄区,津久戸町5丁目5番,
291-3086,徳島県,横浜市緑区,木立41丁目26番,芝浦コーポ604
883-6298,秋田県,八丈島八丈町,千塚27丁目17番,
142-2257,福島県,東久留米市,津久戸町5丁目4番,コート鳥越969
516-4837,奈良県,山武市,天神島25丁目10番,
765-2040,大分県,長生郡長柄町,湯宮22丁目26番,高田馬場コーポ706
224-7531,千葉県,板橋区,今戸20丁目24番,
979-9869,青森県,夷隅郡大多喜町,横林9丁目3番,コート外神田191
141-5819,宮城県,鴨川市,中小来川22丁目21番,
587-7947,島根県,山武郡芝山町,美原町32丁目16番,中宮祠シャルム228
544-3829,広島県,横浜市神奈川区,五味ヶ谷29丁目22番,
717-1620,愛知県,新宿区,二つ室34丁目6番,シャルム独鈷沢788
344-1596,秋田県,新宿区,筑土八幡町41丁目5番,
321-2561,山口県,横浜市瀬谷区,鶴ヶ丘32丁目24番,長畑シャルム814
206-0274,群馬県,鎌ケ谷市,所野19丁目14番,
218-2825,茨城県,浦安市,神明内25丁目15番,パーク丸の内827
925-8415,鹿児島県,横浜市栄区,台場30丁目15番,
083-5743,高知県,葛飾区,湯本塩原37丁目23番,中宮祠シティ849
705-2956,岩手県,国立市,上野公園8丁目25番,
746-1882,富山県,香取郡多古町,氏家新田38丁目26番,コート日比谷公園008
007-1552,神奈川県,横浜市西区,下宇和田29丁目14番,
207-4876,山口県,八王子市,中三依7丁目19番,箭坪パレス680
670-6901,広島県,立川市,芝大門21丁目6番,
283-2487,大阪府,渋谷区,長間36丁目20番,パレス下吉羽145
799-8605,愛知県,神津島村,上広谷18丁目2番,
654-2109,富山県,川崎市多摩区,花川戸41丁目4番,西小来川パーク011
346-6083,新潟県,川崎市川崎区,鶴ヶ丘17丁目15番,
695-5290,新潟県,横浜市南区,花島21丁目10番,パーク方京089
111-5226,和歌山県,富津市,今戸19丁目10番,
278-5925,栃木県,小笠原村,権現堂42丁目1番,外神田パレス555
728-5354,三重県,川崎市多摩区,渡辺11丁目4番,
322-5481,京都府,長生郡白子町,高輪33丁目21番,コーポ蟇沼412
689-6168,静岡県,板橋区,中鉢石町8丁目27番,
272-6958,長崎県,利島村,富久町16丁目2番,油井シティ505
809-6997,徳島県,川崎市高津区,丸の内10丁目22番,
439-7377,新潟県,山武郡芝山町,台東40丁目1番,コーポ元浅草078
325-5283,熊本県,長生郡一宮町,筑土八幡町30丁目7番,
780-2749,三重県,白井市,芝大門19丁目22番,前弥六アーバン639
236-7916,京都府,府中市,長畑28丁目1番,
785-2241,京都府,印旛郡栄町,太田ヶ谷14丁目3番,パーク土沢604
252-9775,岡山県,三宅島三宅村,猿楽町36丁目21番,
899-1189,北海道,葛飾区,芝公園8丁目14番,竜泉クレスト278
703-0892,香川県,夷隅郡御宿町,皇居外苑4丁目21番,
490-1866,愛媛県,印旛郡印旛村,太田ヶ谷2丁目13番,シティ東和町234
511-9217,福岡県,白井市,千束8丁目24番,
558-4435,大阪府,御蔵島村,戸島37丁目18番,四番町コーポ865
149-5890,奈良県,八街市,芝公園23丁目11番,
705-6437,新潟県,新島村,押上41丁目18番,クレスト外神田622
883-8618,長崎県,西多摩郡瑞穂町,入谷16丁目13番,
266-7167,愛知県,武蔵村山市,丸の内3丁目23番,今戸シャルム693
709-2737,香川県,長生郡睦沢町,花川戸1丁目15番,
709-0041,熊本県,世田谷区,睦37丁目7番,パーク脚折町196
058-8730,長野県,世田谷区,百村22丁目19番,
625-5018,兵庫県,千代田区,平河町2丁目14番,浅草ハイツ463
496-8117,京都府,小平市,猿楽町32丁目23番,
555-9634,静岡県,文京区,中三依21丁目21番,パーク渡辺708
266-2438,山形県,渋谷区,中宮祠7丁目21番,
757-0508,福島県,横浜市栄区,大中28丁目9番,太田ヶ谷シティ332
665-8119,茨城県,夷隅郡御宿町,北上野1丁目20番,
504-3944,京都府,利島村,鍛冶ケ沢41丁目22番,シャルム蟇沼964
506-2913,佐賀県,福生市,吾妻橋35丁目7番,
687-5018,宮崎県,稲城市,二つ室18丁目10番,睦アーバン068
834-6475,埼玉県,武蔵野市,津久戸町23丁目13番,
334-7440,山形県,新島村,台場42丁目11番,シティ西関宿176
328-9264,岡山県,川崎市多摩区,独鈷沢28丁目15番,
148-7867,長崎県,東大和市,前弥六8丁目20番,西川パレス523
465-6823,鹿児島県,いすみ市,脚折2丁目3番,
086-0188,神奈川県,利島村,西川6丁目4番,ハイツ北上野865
945-9786,石川県,印旛郡印旛村,美原町28丁目10番,
876-1252,千葉県,福生市,小入28丁目17番,上野公園パーク361
185-3608,奈良県,横浜市緑区,百村26丁目9番,
247-3904,愛知県,八王子市,南赤田1丁目14番,パレス四区町595
888-4277,山梨県,横浜市都筑区,湯本塩原18丁目10番,
730-8592,東京都,川崎市宮前区,白金9丁目6番,権現堂パーク145
993-1532,京都府,西東京市,元浅草36丁目10番,
872-0162,福島県,西東京市,平河町27丁目19番,アーバン山中新田619
263-6590,和歌山県,横浜市港北区,東浅草9丁目16番,
057-8016,岡山県,三鷹市,中川崎21丁目23番,氏家新田パーク517
509-3038,大阪府,小笠原村,九段南11丁目6番,
123-1079,京都府,日野市,外国府間26丁目4番,パーク細野747
465-9603,福井県,大田区,花島29丁目17番,
400-4476,青森県,新島村,上吉羽20丁目14番,東大和町パレス231
894-8279,石川県,渋谷区,中小来川20丁目20番,
866-3003,秋田県,君津市,六番町21丁目1番,シャルム今戸319
583-1784,福岡県,夷隅郡御宿町,幸手39丁目4番,
374-0498,大阪府,あきる野市,浅草橋41丁目24番,戸島シャルム445
024-9887,埼玉県,南房総市,西神田1丁目18番,
866-2389,福岡県,大網白里市,太田ヶ谷14丁目24番,クレスト九段南930
361-4218,滋賀県,西多摩郡奥多摩町,睦12丁目15番,
225-7449,秋田県,調布市,麹町39丁目17番,平河町アーバン863
253-8509,北海道,横浜市戸塚区,蟇沼37丁目16番,
016-2421,島根県,港区,平須賀1丁目18番,パーク湯宮181
433-4394,岩手県,立川市,鍛冶ケ沢38丁目12番,
329-4157,岐阜県,長生郡長柄町,日比谷公園30丁目16番,日比谷公園パーク467
417-6961,鹿児島県,府中市,押上25丁目20番,
203-4713,島根県,山武郡芝山町,下吉羽23丁目20番,コート神明内360
343-6686,熊本県,横浜市港南区,花川戸13丁目11番,
986-6428,静岡県,横浜市泉区,東和町42丁目21番,中宮祠シャルム916
839-2263,滋賀県,小金井市,東和町12丁目6番,
934-0131,広島県,清瀬市,月島21丁目10番,ハイツ西小来川914
708-1499,長野県,あきる野市,台場8丁目20番,
412-2368,大分県,渋谷区,無栗屋24丁目15番,勝どきシティ862
738-6607,富山県,四街道市,花島17丁目2番,
497-3290,茨城県,横浜市緑区,押上25丁目13番,アーバン港南304
587-4238,岩手県,南房総市,西浅草21丁目2番,
238-9635,北海道,長生郡長南町,独鈷沢11丁目7番,猿楽町パーク351
931-1191,福岡県,小平市,小入41丁目13番,
649-6405,秋田県,夷隅郡大多喜町,虎ノ門3丁目8番,アーバン芝公園856
696-6546,三重県,長生郡白子町,所野35丁目22番,
527-7045,山梨県,川崎市多摩区,戸塚町7丁目16番,土呂部クレスト481
145-1500,山梨県,横浜市緑区,京橋6丁目22番,
452-4143,茨城県,富里市,丸の内ＪＰタワー20丁目25番,シティ轟040
393-7127,滋賀県,町田市,日本堤41丁目24番,
420-3129,長野県,印旛郡印旛村,所野9丁目16番,中小来川コーポ251
421-7534,岡山県,川崎市宮前区,北青山22丁目24番,
386-2552,福井県,長生郡睦沢町,氏家31丁目20番,コート独鈷沢427
200-5713,鳥取県,杉並区,手岡26丁目9番,
389-3003,青森県,いすみ市,富久町35丁目25番,渡辺アーバン109
062-7353,兵庫県,富津市,中鉢石町35丁目8番,
745-1033,島根県,長生郡長柄町,港南1丁目21番,コート台東235
188-0041,岐阜県,三鷹市,中三依36丁目25番,
671-5411,富山県,川崎市幸区,東上野4丁目4番,三ノ輪ハイツ006
202-7297,愛知県,八丈島八丈町,白金1丁目21番,
961-9551,長崎県,東大和市,勝どき29丁目26番,シャルム湯本塩原725
976-7535,大分県,八王子市,松が谷29丁目6番,
356-7270,北海道,印旛郡印旛村,天神島1丁目2番,松が谷シティ273
960-7878,和歌山県,小平市,平河町23丁目11番,
198-4390,東京都,中央区,手岡2丁目18番,コート外国府間611
398-2234,福岡県,台東区,勝どき23丁目12番,
816-3963,宮城県,横浜市栄区,細竹38丁目10番,豊町アーバン234
001-9357,和歌山県,国立市,千塚41丁目13番,
386-9141,東京都,豊島区,外国府間40丁目3番,コート無栗屋838
575-7398,香川県,多摩市,白金14丁目16番,
538-5900,島根県,横浜市瀬谷区,東三島10丁目18番,土呂部コート439
949-0604,兵庫県,調布市,箪笥町22丁目9番,
436-2339,宮城県,横浜市緑区,上高野7丁目27番,コート下吉羽220
815-3844,山形県,八千代市,百村22丁目11番,
166-6564,愛媛県,西多摩郡奥多摩町,油井21丁目25番,下宇和田シャルム420
097-6393,愛媛県,国立市,芝大門9丁目7番,
659-9766,香川県,西多摩郡檜原村,松浦町10丁目21番,コーポ丸の内384
452-4013,栃木県,白井市,氏家2丁目12番,
099-4094,埼玉県,墨田区,虎ノ門15丁目6番,竜泉コート617
996-7659,神奈川県,江戸川区,細竹20丁目13番,
167-8300,静岡県,羽村市,中三依22丁目5番,ハイツ天神島903
056-4437,山梨県,横浜市青葉区,湯宮14丁目27番,
226-3220,石川県,北区,台場2丁目18番,上野桜木アーバン678
705-0644,大阪府,香取郡神崎町,西小来川18丁目16番,
338-4098,長野県,世田谷区,虎ノ門2丁目1番,コート富久町931
340-8071,奈良県,江東区,外神田35丁目12番,
708-9932,山形県,横浜市港南区,上野公園34丁目19番,六番町ハイツ730
935-6423,静岡県,横浜市磯子区,北上野28丁目11番,
972-5698,栃木県,印西市,中鉢石町24丁目2番,クレスト前弥六南町345
708-3389,三重県,昭島市,独鈷沢20丁目17番,
151-3947,栃木県,香取市,芝公園39丁目3番,西小来川シティ782
038-9252,山形県,鎌ケ谷市,下宇和田20丁目17番,
065-6258,佐賀県,香取郡神崎町,細野8丁目19番,コーポ上野桜木750
571-7914,岐阜県,横浜市戸塚区,西浅草31丁目21番,
963-6779,千葉県,国分寺市,南赤田27丁目13番,高田馬場パレス558
629-8011,宮崎県,中央区,皇居外苑1丁目26番,
899-2250,宮城県,横浜市保土ケ谷区,卯の里22丁目1番,コーポ隼町006
136-6761,沖縄県,長生郡睦沢町,所野30丁目2番,
054-8524,広島県,川崎市高津区,東上野25丁目14番,湯宮パーク724
671-4009,東京都,神津島村,鍛冶ケ沢26丁目6番,
136-2059,鹿児島県,利島村,一ツ橋22丁目14番,シティ湯宮260
569-1851,宮崎県,横浜市金沢区,百村16丁目21番,
351-6308,愛知県,西多摩郡奥多摩町,外国府間3丁目5番,花島シティ681
793-6135,鹿児島県,東大和市,百村33丁目20番,
464-7389,愛媛県,八千代市,松が谷18丁目24番,コート花島097
706-3596,宮崎県,鴨川市,箪笥町26丁目12番,
520-2699,山口県,杉並区,外国府間31丁目5番,長畑シティ930
958-5180,兵庫県,北区,前弥六42丁目17番,
359-1058,広島県,東久留米市,秋葉原20丁目11番,ハイツ丸の内ＪＰタワー781
888-7826,京都府,東大和市,鍛冶ケ沢41丁目23番,
089-6080,宮城県,中央区,細竹23丁目6番,鍛冶ケ沢コート089
067-1681,鹿児島県,君津市,丹勢29丁目25番,
873-0738,熊本県,八丈島八丈町,土呂部27丁目2番,コーポ幸手017
333-8660,愛知県,日野市,土沢31丁目12番,
883-3236,山形県,東久留米市,西神田30丁目23番,丹勢パーク280
250-7060,静岡県,西多摩郡奥多摩町,鶴ヶ丘5丁目23番,
712-1061,埼玉県,浦安市,平須賀38丁目15番,アーバン下吉羽683
077-2372,石川県,府中市,皇居外苑16丁目23番,
322-6861,福島県,調布市,日比谷公園35丁目21番,雷門クレスト795
791-1921,大阪府,君津市,北青山17丁目9番,
105-2472,千葉県,大島町,大京町24丁目3番,コーポ中宮祠415
787-4486,鳥取県,四街道市,南赤田18丁目19番,
201-5885,富山県,横浜市西区,下宇和田15丁目16番,白金ハイツ993
305-6943,静岡県,川崎市川崎区,睦31丁目5番,
530-1917,大分県,印旛郡印旛村,東和町27丁目10番,ハイツ前弥六712
293-3673,広島県,長生郡長柄町,山中新田34丁目9番,
919-4516,滋賀県,新宿区,勝どき25丁目9番,一ツ橋ハイツ217
094-0433,山形県,神津島村,前弥六南町42丁目14番,
682-6765,徳島県,大田区,下吉羽15丁目8番,シャルム虎ノ門虎ノ門ヒルズ森タワー174
639-9560,福井県,横浜市保土ケ谷区,神明内39丁目5番,
872-3438,秋田県,八千代市,鍛冶ケ沢23丁目25番,中川崎パーク323
282-4281,大阪府,香取郡神崎町,幸手2丁目18番,
634-0531,神奈川県,印西市,無栗屋7丁目1番,ハイツ北上野414
644-1734,岐阜県,小平市,竜泉36丁目2番,
509-5512,愛媛県,渋谷区,湯宮16丁目18番,今戸クレスト927
777-4195,神奈川県,新島村,千束31丁目7番,
226-0067,高知県,西多摩郡檜原村,西浅草18丁目14番,クレスト富久町372
088-5211,福岡県,南房総市,西神田33丁目9番,
922-7225,富山県,調布市,柿木沢8丁目12番,南郷屋パーク328
207-6479,北海道,四街道市,山中新田5丁目9番,
269-0868,岡山県,足立区,中宮祠25丁目17番,シャルム麹町060
279-9251,神奈川県,長生郡長南町,山中新田25丁目5番,
688-2124,香川県,東久留米市,西関宿4丁目22番,勝どきパレス555
089-4039,愛知県,立川市,芝公園32丁目27番,
300-5654,鳥取県,横浜市中区,東浅草27丁目5番,アーバン柿木沢444
092-1216,福岡県,府中市,京橋26丁目11番,
753-1779,和歌山県,鎌ケ谷市,日本堤26丁目6番,土沢アーバン684
780-7380,沖縄県,横浜市都筑区,筑土八幡町18丁目4番,
833-9629,岐阜県,江東区,戸塚町7丁目1番,パレス小入234
574-9177,大阪府,港区,戸塚町11丁目16番,
079-1244,沖縄県,小金井市,虎ノ門虎ノ門ヒルズ森タワー38丁目16番,西川コーポ968
487-9968,島根県,横浜市磯子区,京橋37丁目20番,
301-4008,栃木県,台東区,芝大門30丁目13番,パレス渡辺814
959-9261,富山県,山武郡九十九里町,方京37丁目26番,
726-0027,青森県,横浜市南区,山中新田41丁目1番,中宮祠クレスト443
341-9441,鹿児島県,八丈島八丈町,高輪12丁目2番,
537-4980,山梨県,横浜市鶴見区,山中新田20丁目22番,パレス豊町792
551-4829,佐賀県,世田谷区,猿楽町17丁目18番,
863-7736,東京都,夷隅郡大多喜町,渡辺9丁目8番,睦ハイツ824
736-4427,和歌山県,横浜市港南区,筑土八幡町15丁目4番,
612-8262,福岡県,香取郡多古町,方京38丁目7番,アーバン前弥六南町755
028-8837,青森県,千代田区,土呂部32丁目22番,
300-3128,佐賀県,横浜市都筑区,入谷24丁目23番,千塚シティ045
325-5695,京都府,江戸川区,美原町33丁目7番,
415-8636,静岡県,鴨川市,上野公園23丁目27番,パレス平河町964
761-3857,沖縄県,白井市,細野42丁目7番,
009-3805,高知県,長生郡白子町,元浅草37丁目14番,長畑パーク050
084-8680,福島県,横浜市緑区,猿楽町40丁目22番,
632-4104,岡山県,袖ケ浦市,細野28丁目23番,シティ上広谷781
184-4866,宮崎県,山武郡九十九里町,入谷35丁目3番,
553-7365,長野県,日野市,蔵前15丁目17番,台場シャルム890
761-0793,福岡県,国分寺市,入谷21丁目21番,
336-5258,大阪府,青梅市,外神田14丁目12番,シティ卯の里283
868-8903,埼玉県,横浜市鶴見区,南赤田35丁目6番,
181-0709,三重県,印旛郡印旛村,幸手22丁目17番,台東コーポ368
326-8167,福岡県,横浜市南区,津久戸町21丁目26番,
054-5753,宮崎県,我孫子市,小入17丁目1番,パレス南赤田477
061-8181,京都府,東村山市,無栗屋1丁目16番,
354-7974,岐阜県,御蔵島村,池之端33丁目14番,吾妻橋パーク954
500-2284,京都府,御蔵島村,小入29丁目26番,
046-1040,神奈川県,千代田区,湯宮15丁目17番,コーポ台東097
673-1516,山口県,中野区,戸山19丁目17番,
488-8373,熊本県,羽村市,箪笥町13丁目24番,丸の内ハイツ328
555-7826,和歌山県,川崎市幸区,雷門34丁目19番,
414-7410,岐阜県,小笠原村,中小来川30丁目18番,シティ日本堤554
762-8257,青森県,君津市,藤金5丁目2番,
