上村 陽平,uemura@example.com,password
藤井 陽子,saitoasuka@nakamura.jp,password
岡田 涼平,otanaka@matsuda.com,password
加藤 稔,nyamamoto@sato.com,password
田中 学,manabuwatanabe@matsuda.com,password
石井 真綾,satoryohei@ogawa.com,password
高橋 桃子,shota24@kondo.com,password
田中 淳,yuta90@kondo.jp,password
山崎 春香,tsubasakobayashi@yamamoto.com,password
渡辺 太一,miki15@goto.com,password
渡辺 京助,yuta68@takahashi.com,password
石川 あすか,taro81@yamamoto.jp,password
加藤 加奈,zsasaki@matsuda.jp,password
佐々木 裕樹,tyoshida@nakamura.com,password
清水 拓真,suzukikenichi@tanaka.net,password
小林 和也,sinoue@yamada.jp,password
吉田 太郎,naotohayashi@takahashi.net,password
鈴木 明美,mmaeda@suzuki.jp,password
田中 あすか,nanamitakahashi@tanaka.jp,password
井上 くみ子,okamotoasuka@takahashi.jp,password
斉藤 幹,asuka73@inoue.net,password
中村 裕太,mituru08@takahashi.org,password
近藤 浩,miki71@ogawa.com,password
伊藤 篤司,akira75@ishii.com,password
藤原 桃子,gaoki@sato.com,password
中島 涼平,hiroshimatsumoto@saito.jp,password
斎藤 千代,abeakira@nakajima.org,password
中村 幹,manabu66@okada.com,password
山崎 京助,hiroshiishikawa@nakamura.com,password
加藤 幹,morisotaro@okada.jp,password
佐藤 美加子,gyamada@yamada.com,password
佐藤 学,hanakonakamura@hashimoto.jp,password
小林 康弘,dsuzuki@saito.jp,password
阿部 陽子,rika26@ogawa.com,password
佐藤 拓真,mkobayashi@yamada.com,password
青木 篤司,bwatanabe@ota.net,password
鈴木 洋介,hyamaguchi@takahashi.jp,password
福田 翼,suzukiyoko@takahashi.com,password
吉田 舞,sasakimituru@yamashita.com,password
鈴木 春香,nakamurataro@sato.net,password
鈴木 くみ子,akiratanaka@mori.com,password
山本 裕樹,fukudatomoya@ishii.com,password
鈴木 春香,jun03@kobayashi.jp,password
山本 結衣,taro91@suzuki.org,password
小林 京助,tomoyayamamoto@ito.com,password
小林 あすか,naokosato@suzuki.com,password
吉田 英樹,jnakajima@hayashi.org,password
鈴木 美加子,hanako80@kobayashi.com,password
藤原 花子,stanaka@miura.com,password
小川 淳,inouemikako@takahashi.jp,password
田中 舞,dtanaka@nakamura.com,password
山田 里佳,sasakitsubasa@yamamoto.jp,password
佐藤 七夏,fujitahanako@yamamoto.com,password
橋本 幹,moriyumiko@fujiwara.jp,password
清水 明美,watanabemaaya@sato.org,password
松本 裕美子,vyoshida@watanabe.org,password
林 篤司,ogawamanabu@matsumoto.com,password
坂本 康弘,kyosukekato@yamamoto.com,password
松本 翼,ynakajima@watanabe.jp,password
木村 くみ子,shotahashimoto@kobayashi.jp,password
井上 聡太郎,hanako76@ito.jp,password
佐々木 あすか,vyamamoto@sasaki.net,password
中村 拓真,kondokyosuke@ikeda.com,password
佐藤 あすか,shimizuhideki@endo.org,password
高橋 浩,takuma16@yamada.jp,password
高橋 舞,ttakahashi@takahashi.jp,password
田中 健一,ynakamura@yoshida.jp,password
石川 知実,lota@yamashita.jp,password
伊藤 治,yutasato@yamazaki.com,password
斎藤 学,hashimotokaori@maeda.jp,password
山田 里佳,fhayashi@watanabe.jp,password
中村 篤司,satoyuki@sato.com,password
佐藤 翼,naokokato@nishimura.jp,password
中村 和也,ogawamituru@matsumoto.jp,password
佐藤 あすか,yutasuzuki@endo.jp,password
村上 淳,manabu86@watanabe.jp,password
佐藤 零,satoasuka@ishikawa.com,password
松田 美加子,fsuzuki@ito.com,password
斉藤 知実,bsaito@inoue.jp,password
三浦 翔太,rito@fukuda.jp,password
鈴木 七夏,mikiyamamoto@yoshida.jp,password
渡辺 明美,saitomiki@suzuki.jp,password
伊藤 涼平,nakajimakaori@yoshida.com,password
小林 淳,matsudasatomi@kobayashi.org,password
中島 涼平,kyosukeyamaguchi@mori.net,password
清水 七夏,junokada@inoue.jp,password
林 明美,yoichitakahashi@tanaka.com,password
藤田 陽一,skimura@fujiwara.net,password
長谷川 康弘,lnakamura@takahashi.jp,password
清水 晃,asuka74@sato.net,password
阿部 直樹,tinoue@kondo.org,password
斎藤 裕樹,miturugoto@kobayashi.com,password
佐藤 裕太,minoruishii@mori.net,password
中村 さゆり,atsushi59@matsumoto.com,password
佐藤 里佳,satoosamu@sato.jp,password
長谷川 太郎,ntakahashi@yamada.com,password
山本 里佳,momoko66@sato.org,password
前田 裕美子,katoyasuhiro@tanaka.com,password
鈴木 翔太,naokiota@miura.com,password
山下 翼,shimizurei@yamashita.com,password
中村 真綾,shimizuosamu@sasaki.jp,password
