company_name,name,email,tel
合同会社池田ガス,池田 さゆり,shotasaito@tanaka.org,070-7610-4714
合同会社池田ガス,阿部 洋介,shotasaito@tanaka.org,090-1240-0034
合同会社池田ガス,太田 裕美子,shotasaito@tanaka.org,070-9776-5823
合同会社池田ガス,林 明美,shotasaito@tanaka.org,080-2455-5159
合同会社池田ガス,佐藤 健一,shotasaito@tanaka.org,080-9456-8241
合同会社池田ガス,石川 あすか,shotasaito@tanaka.org,090-2814-6546
合同会社池田ガス,鈴木 零,shotasaito@tanaka.org,75-5171-7604
合同会社池田ガス,石川 くみ子,shotasaito@tanaka.org,080-9611-1330
合同会社池田ガス,佐藤 真綾,shotasaito@tanaka.org,090-7793-6153
合同会社池田ガス,林 さゆり,shotasaito@tanaka.org,35-1108-7317
合同会社池田ガス,渡辺 里佳,shotasaito@tanaka.org,070-3921-3765
合同会社池田ガス,鈴木 学,shotasaito@tanaka.org,29-6687-5773
合同会社池田ガス,佐藤 裕樹,shotasaito@tanaka.org,090-5082-4926
合同会社池田ガス,山下 幹,shotasaito@tanaka.org,070-1801-3204
合同会社池田ガス,前田 智也,shotasaito@tanaka.org,090-2275-8688
合同会社池田ガス,木村 稔,shotasaito@tanaka.org,070-6348-9676
合同会社池田ガス,近藤 陽一,shotasaito@tanaka.org,070-0248-9451
合同会社池田ガス,石井 七夏,shotasaito@tanaka.org,66-0223-4500
合同会社池田ガス,加藤 幹,shotasaito@tanaka.org,070-2560-9767
合同会社池田ガス,鈴木 康弘,shotasaito@tanaka.org,080-0099-2518
合同会社池田ガス,田中 幹,shotasaito@tanaka.org,070-0979-5194
合同会社池田ガス,三浦 拓真,shotasaito@tanaka.org,090-1830-6753
合同会社池田ガス,小林 里佳,shotasaito@tanaka.org,070-0074-0899
合同会社池田ガス,伊藤 康弘,shotasaito@tanaka.org,84-1269-6116
合同会社池田ガス,鈴木 康弘,shotasaito@tanaka.org,080-0766-0754
合同会社池田ガス,中村 和也,shotasaito@tanaka.org,090-0552-0351
合同会社池田ガス,田中 修平,shotasaito@tanaka.org,070-0450-9322
合同会社池田ガス,鈴木 春香,shotasaito@tanaka.org,090-2035-5744
合同会社池田ガス,田中 香織,shotasaito@tanaka.org,070-8942-6223
合同会社池田ガス,山口 千代,shotasaito@tanaka.org,080-4560-2906
合同会社池田ガス,橋本 京助,shotasaito@tanaka.org,48-6296-4513
合同会社池田ガス,清水 里佳,shotasaito@tanaka.org,070-6606-5735
合同会社池田ガス,三浦 香織,shotasaito@tanaka.org,080-1418-9276
合同会社池田ガス,藤田 翼,shotasaito@tanaka.org,080-3758-2571
合同会社池田ガス,前田 七夏,shotasaito@tanaka.org,070-7970-3414
合同会社池田ガス,吉田 康弘,shotasaito@tanaka.org,17-3864-0140
合同会社池田ガス,渡辺 直人,shotasaito@tanaka.org,71-4543-9101
合同会社池田ガス,山本 花子,shotasaito@tanaka.org,070-8321-6448
合同会社池田ガス,木村 充,shotasaito@tanaka.org,080-8168-6447
合同会社池田ガス,木村 くみ子,shotasaito@tanaka.org,080-1166-9728
合同会社池田ガス,中村 幹,shotasaito@tanaka.org,37-7857-0742
合同会社池田ガス,佐藤 陽子,shotasaito@tanaka.org,080-0576-0811
合同会社池田ガス,佐藤 あすか,shotasaito@tanaka.org,070-9044-3294
合同会社池田ガス,鈴木 智也,shotasaito@tanaka.org,090-6256-6272
合同会社池田ガス,高橋 さゆり,shotasaito@tanaka.org,56-6763-3739
合同会社池田ガス,青木 篤司,shotasaito@tanaka.org,080-1250-2394
合同会社池田ガス,橋本 直人,shotasaito@tanaka.org,090-5670-8869
合同会社池田ガス,佐々木 幹,shotasaito@tanaka.org,080-5400-0250
合同会社池田ガス,阿部 くみ子,shotasaito@tanaka.org,070-6396-8373
合同会社池田ガス,斎藤 陽子,shotasaito@tanaka.org,070-5587-5408
合同会社池田ガス,田中 治,shotasaito@tanaka.org,080-8533-4448
合同会社池田ガス,渡辺 春香,shotasaito@tanaka.org,080-0481-0777
合同会社池田ガス,藤井 翼,shotasaito@tanaka.org,77-1113-1263
合同会社池田ガス,斎藤 舞,shotasaito@tanaka.org,02-3732-4556
合同会社池田ガス,井上 聡太郎,shotasaito@tanaka.org,080-4789-7844
合同会社池田ガス,佐藤 学,shotasaito@tanaka.org,070-2633-4088
合同会社池田ガス,石井 加奈,shotasaito@tanaka.org,41-9538-4331
合同会社池田ガス,森 千代,shotasaito@tanaka.org,090-7492-2088
合同会社池田ガス,小林 里佳,shotasaito@tanaka.org,070-2622-8123
合同会社池田ガス,木村 知実,shotasaito@tanaka.org,080-2365-9927
合同会社池田ガス,清水 晃,shotasaito@tanaka.org,090-7740-3827
合同会社池田ガス,井上 香織,shotasaito@tanaka.org,090-2963-5460
合同会社池田ガス,佐藤 裕太,shotasaito@tanaka.org,080-5734-5240
合同会社池田ガス,木村 あすか,shotasaito@tanaka.org,080-5070-0300
合同会社池田ガス,太田 太一,shotasaito@tanaka.org,070-0562-3762
合同会社池田ガス,山本 里佳,shotasaito@tanaka.org,090-6606-4887
合同会社池田ガス,木村 和也,shotasaito@tanaka.org,62-0829-8215
合同会社池田ガス,近藤 洋介,shotasaito@tanaka.org,080-3028-2169
合同会社池田ガス,清水 智也,shotasaito@tanaka.org,080-9904-5600
合同会社池田ガス,鈴木 七夏,shotasaito@tanaka.org,080-7385-2654
合同会社池田ガス,太田 明美,shotasaito@tanaka.org,090-8487-0898
合同会社池田ガス,福田 あすか,shotasaito@tanaka.org,61-6570-0404
合同会社池田ガス,中川 知実,shotasaito@tanaka.org,090-6431-9539
合同会社池田ガス,高橋 くみ子,shotasaito@tanaka.org,090-0909-2554
合同会社池田ガス,中村 真綾,shotasaito@tanaka.org,20-2907-2507
合同会社池田ガス,中島 知実,shotasaito@tanaka.org,070-8642-8212
合同会社池田ガス,太田 充,shotasaito@tanaka.org,64-4406-4488
合同会社池田ガス,岡本 知実,shotasaito@tanaka.org,20-8296-5708
合同会社池田ガス,山崎 千代,shotasaito@tanaka.org,070-5823-5703
合同会社池田ガス,渡辺 康弘,shotasaito@tanaka.org,19-7378-1327
合同会社池田ガス,西村 充,shotasaito@tanaka.org,44-6595-1407
合同会社池田ガス,前田 修平,shotasaito@tanaka.org,66-6097-5929
合同会社池田ガス,中村 明美,shotasaito@tanaka.org,78-2019-5501
合同会社池田ガス,山下 稔,shotasaito@tanaka.org,05-0562-4629
合同会社池田ガス,加藤 聡太郎,shotasaito@tanaka.org,070-2227-0808
合同会社池田ガス,三浦 春香,shotasaito@tanaka.org,070-1824-3454
合同会社池田ガス,山口 美加子,shotasaito@tanaka.org,080-7820-9280
合同会社池田ガス,長谷川 香織,shotasaito@tanaka.org,080-7937-8252
合同会社池田ガス,藤田 あすか,shotasaito@tanaka.org,070-8501-1695
合同会社池田ガス,中村 真綾,shotasaito@tanaka.org,090-1250-2205
合同会社池田ガス,佐藤 充,shotasaito@tanaka.org,070-4609-2516
合同会社池田ガス,吉田 学,shotasaito@tanaka.org,090-4976-2074
合同会社池田ガス,太田 治,shotasaito@tanaka.org,090-1105-0269
合同会社池田ガス,中村 陽一,shotasaito@tanaka.org,71-0864-0811
合同会社池田ガス,小林 加奈,shotasaito@tanaka.org,02-8400-6528
合同会社池田ガス,高橋 康弘,shotasaito@tanaka.org,080-3950-7603
合同会社池田ガス,山崎 太一,shotasaito@tanaka.org,080-3532-6759
合同会社池田ガス,小林 康弘,shotasaito@tanaka.org,070-2906-2200
合同会社池田ガス,山口 あすか,shotasaito@tanaka.org,070-1992-2606
合同会社池田ガス,木村 花子,shotasaito@tanaka.org,080-2583-8612
